keyword,frequency
to,446
and,339
of,242
in,241
the,225
data,223
privacy,216
for,212
a,208
s,178
i,172
it,156
on,146
is,143
hackers,122
with,112
you,105
security,96
that,93
your,74
us,70
how,69
are,68
new,64
google,62
my,60
from,60
credit,57
can,56
ai,56
email,55
breach,53
by,53
have,51
internet,49
use,48
after,48
be,47
users,46
https,45
as,44
cyber,43
what,43
russian,43
yes,43
service,42
digital,42
microsoft,42
protection,42
malware,42
million,41
this,41
t,41
up,41
attacks,40
monitoring,40
identity,40
using,39
but,39
m,39
over,39
online,38
has,37
if,36
critical,36
all,35
its,35
aura,35
support,35
plan,35
incogni,35
which,34
at,33
do,33
more,33
month,33
vpn,33
chinese,33
app,32
services,32
will,32
attack,32
u,32
com,32
or,31
so,31
now,31
vulnerability,31
password,30
ransomware,30
me,29
day,29
encryption,29
no,28
says,28
removal,28
theft,27
like,26
about,26
there,26
